{
  "resourceType" : "Bundle",
  "id" : "6eebdd5c-063c-4a3a-810c-a0c753726125",
  "meta" : {
    "lastUpdated" : "2023-07-23T17:00:47.084+02:00"
  },
  "type" : "collection",
  "entry" : [{
    "fullUrl" : "http://example.org/ValueSet/hn-appointment-flag-code-vs",
    "resource" : {
      "resourceType" : "ValueSet",
      "text" : {
        "status" : "generated",
        "div" : "<div xmlns=\"http://www.w3.org/1999/xhtml\"><p>This value set contains 7 concepts</p><p style=\"border: black 1px dotted; background-color: #EEEEEE; padding: 8px; margin-bottom: 8px\">Expansion based on <a href=\"CodeSystem-hn-appointment-flag-code-cs.html\">hn-appointment-flag-code-cs v0.1.0 (CodeSystem)</a></p><table class=\"codes\"><tr><td style=\"white-space:nowrap\"><b>Code</b></td><td><b>System</b></td><td><b>Display</b></td></tr><tr><td style=\"white-space:nowrap\"><a name=\"http---example.org-CodeSystem-hn-appointment-flag-code-cs-cancel\"> </a>\u00a0\u00a0<a href=\"CodeSystem-hn-appointment-flag-code-cs.html#hn-appointment-flag-code-cs-cancel\">cancel</a></td><td>http://example.org/CodeSystem/hn-appointment-flag-code-cs</td><td>Innbygger kan kansellere timen</td></tr><tr><td style=\"white-space:nowrap\"><a name=\"http---example.org-CodeSystem-hn-appointment-flag-code-cs-canChangeAppointmentDialog\"> </a>\u00a0\u00a0<a href=\"CodeSystem-hn-appointment-flag-code-cs.html#hn-appointment-flag-code-cs-canChangeAppointmentDialog\">canChangeAppointmentDialog</a></td><td>http://example.org/CodeSystem/hn-appointment-flag-code-cs</td><td>Innbygger kan be om endret time (Dialogmeldinger)</td></tr><tr><td style=\"white-space:nowrap\"><a name=\"http---example.org-CodeSystem-hn-appointment-flag-code-cs-canUseShortNotice\"> </a>\u00a0\u00a0<a href=\"CodeSystem-hn-appointment-flag-code-cs.html#hn-appointment-flag-code-cs-canUseShortNotice\">canUseShortNotice</a></td><td>http://example.org/CodeSystem/hn-appointment-flag-code-cs</td><td>Innbygger kan komme på kort varsel</td></tr><tr><td style=\"white-space:nowrap\"><a name=\"http---example.org-CodeSystem-hn-appointment-flag-code-cs-canCancelServiceRequest\"> </a>\u00a0\u00a0<a href=\"CodeSystem-hn-appointment-flag-code-cs.html#hn-appointment-flag-code-cs-canCancelServiceRequest\">canCancelServiceRequest</a></td><td>http://example.org/CodeSystem/hn-appointment-flag-code-cs</td><td>Innbygger kan be om at behandlingsløp avsluttes</td></tr><tr><td style=\"white-space:nowrap\"><a name=\"http---example.org-CodeSystem-hn-appointment-flag-code-cs-canChangeConferenceType\"> </a>\u00a0\u00a0<a href=\"CodeSystem-hn-appointment-flag-code-cs.html#hn-appointment-flag-code-cs-canChangeConferenceType\">canChangeConferenceType</a></td><td>http://example.org/CodeSystem/hn-appointment-flag-code-cs</td><td>Innbygger kan be om endret konferanse type</td></tr><tr><td style=\"white-space:nowrap\"><a name=\"http---example.org-CodeSystem-hn-appointment-flag-code-cs-canAcknowledge\"> </a>\u00a0\u00a0<a href=\"CodeSystem-hn-appointment-flag-code-cs.html#hn-appointment-flag-code-cs-canAcknowledge\">canAcknowledge</a></td><td>http://example.org/CodeSystem/hn-appointment-flag-code-cs</td><td>Timen/opphold kan bekreftes av innbygger</td></tr><tr><td style=\"white-space:nowrap\"><a name=\"http---example.org-CodeSystem-hn-appointment-flag-code-cs-canChangeAppointment\"> </a>\u00a0\u00a0<a href=\"CodeSystem-hn-appointment-flag-code-cs.html#hn-appointment-flag-code-cs-canChangeAppointment\">canChangeAppointment</a></td><td>http://example.org/CodeSystem/hn-appointment-flag-code-cs</td><td>Innbygger kan be om endret time</td></tr></table></div>"
      },
      "url" : "http://example.org/ValueSet/hn-appointment-flag-code-vs",
      "version" : "0.1.0",
      "name" : "HnAppointmentFlagCodeVS",
      "title" : "hn-appointment-flag-code-vs",
      "status" : "draft",
      "date" : "2023-07-23T17:00:47+02:00",
      "expansion" : {
        "identifier" : "urn:uuid:7a23d21e-d5aa-49c3-b194-100509af0d2a",
        "timestamp" : "2023-07-23T17:01:43+02:00",
        "total" : 7,
        "parameter" : [{
          "name" : "excludeNested",
          "valueBoolean" : false
        },
        {
          "name" : "version",
          "valueUri" : "http://example.org/CodeSystem/hn-appointment-flag-code-cs|0.1.0"
        }],
        "contains" : [{
          "system" : "http://example.org/CodeSystem/hn-appointment-flag-code-cs",
          "code" : "cancel",
          "display" : "Innbygger kan kansellere timen"
        },
        {
          "system" : "http://example.org/CodeSystem/hn-appointment-flag-code-cs",
          "code" : "canChangeAppointmentDialog",
          "display" : "Innbygger kan be om endret time (Dialogmeldinger)"
        },
        {
          "system" : "http://example.org/CodeSystem/hn-appointment-flag-code-cs",
          "code" : "canUseShortNotice",
          "display" : "Innbygger kan komme på kort varsel"
        },
        {
          "system" : "http://example.org/CodeSystem/hn-appointment-flag-code-cs",
          "code" : "canCancelServiceRequest",
          "display" : "Innbygger kan be om at behandlingsløp avsluttes"
        },
        {
          "system" : "http://example.org/CodeSystem/hn-appointment-flag-code-cs",
          "code" : "canChangeConferenceType",
          "display" : "Innbygger kan be om endret konferanse type"
        },
        {
          "system" : "http://example.org/CodeSystem/hn-appointment-flag-code-cs",
          "code" : "canAcknowledge",
          "display" : "Timen/opphold kan bekreftes av innbygger"
        },
        {
          "system" : "http://example.org/CodeSystem/hn-appointment-flag-code-cs",
          "code" : "canChangeAppointment",
          "display" : "Innbygger kan be om endret time"
        }]
      }
    }
  }]
}